"president","matchWord","n","total","percent"
"33-Truman","",328,874,0.375286041189931
"33-Truman","__AEC__",21,874,0.0240274599542334
"33-Truman","__art__",4,874,0.0045766590389016
"33-Truman","__budget__",5,874,0.005720823798627
"33-Truman","__CEA__",0,874,0
"33-Truman","__CEQ__",0,874,0
"33-Truman","__CIA__",2,874,0.0022883295194508
"33-Truman","__computing__",9,874,0.0102974828375286
"33-Truman","__DHS__",0,874,0
"33-Truman","__DOC__",53,874,0.0606407322654462
"33-Truman","__DOD__",183,874,0.209382151029748
"33-Truman","__DOE__",0,874,0
"33-Truman","__DOEd__",0,874,0
"33-Truman","__DOI__",72,874,0.0823798627002288
"33-Truman","__DOJ__",64,874,0.0732265446224256
"33-Truman","__DOL__",34,874,0.0389016018306636
"33-Truman","__DOT__",0,874,0
"33-Truman","__DOTr__",54,874,0.0617848970251716
"33-Truman","__economy__",83,874,0.0949656750572082
"33-Truman","__education__",27,874,0.0308924485125858
"33-Truman","__energy__",8,874,0.0091533180778032
"33-Truman","__engineering__",40,874,0.045766590389016
"33-Truman","__environment__",1,874,0.0011441647597254
"33-Truman","__EPA__",0,874,0
"33-Truman","__ERDA__",0,874,0
"33-Truman","__FAA__",0,874,0
"33-Truman","__FCC__",11,874,0.0125858123569794
"33-Truman","__foreign__",112,874,0.128146453089245
"33-Truman","__GSA__",10,874,0.011441647597254
"33-Truman","__health__",63,874,0.0720823798627002
"33-Truman","__HHS__",0,874,0
"33-Truman","__HUD__",0,874,0
"33-Truman","__innovation__",0,874,0
"33-Truman","__math__",3,874,0.0034324942791762
"33-Truman","__medical__",31,874,0.0354691075514874
"33-Truman","__NASA__",7,874,0.0080091533180778
"33-Truman","__NIH__",0,874,0
"33-Truman","__NIST__",4,874,0.0045766590389016
"33-Truman","__NOAA__",0,874,0
"33-Truman","__NRC__",0,874,0
"33-Truman","__NSC__",1,874,0.0011441647597254
"33-Truman","__NSF__",0,874,0
"33-Truman","__NSTC__",0,874,0
"33-Truman","__nuclear__",7,874,0.0080091533180778
"33-Truman","__OMB__",53,874,0.0606407322654462
"33-Truman","__OSTP__",3,874,0.0034324942791762
"33-Truman","__PCAST__",0,874,0
"33-Truman","__science/research__",38,874,0.0434782608695652
"33-Truman","__security__",91,874,0.104118993135011
"33-Truman","__State__",109,874,0.124713958810069
"33-Truman","__technology__",5,874,0.005720823798627
"33-Truman","__university__",19,874,0.0217391304347826
"33-Truman","__USDA__",57,874,0.0652173913043478
"33-Truman","__USGS__",0,874,0
"33-Truman","__VA__",0,874,0
"34-Eisenhower","",144,482,0.298755186721992
"34-Eisenhower","__AEC__",27,482,0.0560165975103734
"34-Eisenhower","__art__",2,482,0.004149377593361
"34-Eisenhower","__budget__",10,482,0.020746887966805
"34-Eisenhower","__CEA__",0,482,0
"34-Eisenhower","__CEQ__",0,482,0
"34-Eisenhower","__CIA__",5,482,0.0103734439834025
"34-Eisenhower","__computing__",6,482,0.012448132780083
"34-Eisenhower","__DHS__",0,482,0
"34-Eisenhower","__DOC__",33,482,0.0684647302904564
"34-Eisenhower","__DOD__",137,482,0.284232365145228
"34-Eisenhower","__DOE__",1,482,0.0020746887966805
"34-Eisenhower","__DOEd__",0,482,0
"34-Eisenhower","__DOI__",29,482,0.0601659751037344
"34-Eisenhower","__DOJ__",19,482,0.0394190871369295
"34-Eisenhower","__DOL__",20,482,0.04149377593361
"34-Eisenhower","__DOT__",0,482,0
"34-Eisenhower","__DOTr__",64,482,0.132780082987552
"34-Eisenhower","__economy__",41,482,0.0850622406639004
"34-Eisenhower","__education__",30,482,0.0622406639004149
"34-Eisenhower","__energy__",14,482,0.029045643153527
"34-Eisenhower","__engineering__",24,482,0.0497925311203319
"34-Eisenhower","__environment__",0,482,0
"34-Eisenhower","__EPA__",0,482,0
"34-Eisenhower","__ERDA__",0,482,0
"34-Eisenhower","__FAA__",11,482,0.0228215767634855
"34-Eisenhower","__FCC__",5,482,0.0103734439834025
"34-Eisenhower","__foreign__",68,482,0.141078838174274
"34-Eisenhower","__GSA__",23,482,0.0477178423236514
"34-Eisenhower","__health__",41,482,0.0850622406639004
"34-Eisenhower","__HHS__",0,482,0
"34-Eisenhower","__HUD__",0,482,0
"34-Eisenhower","__innovation__",0,482,0
"34-Eisenhower","__math__",2,482,0.004149377593361
"34-Eisenhower","__medical__",15,482,0.0311203319502075
"34-Eisenhower","__NASA__",12,482,0.024896265560166
"34-Eisenhower","__NIH__",0,482,0
"34-Eisenhower","__NIST__",0,482,0
"34-Eisenhower","__NOAA__",0,482,0
"34-Eisenhower","__NRC__",0,482,0
"34-Eisenhower","__NSC__",7,482,0.0145228215767635
"34-Eisenhower","__NSF__",8,482,0.016597510373444
"34-Eisenhower","__NSTC__",1,482,0.0020746887966805
"34-Eisenhower","__nuclear__",14,482,0.029045643153527
"34-Eisenhower","__OMB__",46,482,0.0954356846473029
"34-Eisenhower","__OSTP__",2,482,0.004149377593361
"34-Eisenhower","__PCAST__",2,482,0.004149377593361
"34-Eisenhower","__science/research__",24,482,0.0497925311203319
"34-Eisenhower","__security__",63,482,0.130705394190871
"34-Eisenhower","__State__",68,482,0.141078838174274
"34-Eisenhower","__technology__",7,482,0.0145228215767635
"34-Eisenhower","__university__",10,482,0.020746887966805
"34-Eisenhower","__USDA__",39,482,0.0809128630705394
"34-Eisenhower","__USGS__",0,482,0
"34-Eisenhower","__VA__",0,482,0
"35-Kennedy","",48,214,0.224299065420561
"35-Kennedy","__AEC__",8,214,0.0373831775700935
"35-Kennedy","__art__",4,214,0.0186915887850467
"35-Kennedy","__budget__",5,214,0.0233644859813084
"35-Kennedy","__CEA__",0,214,0
"35-Kennedy","__CEQ__",0,214,0
"35-Kennedy","__CIA__",4,214,0.0186915887850467
"35-Kennedy","__computing__",1,214,0.00467289719626168
"35-Kennedy","__DHS__",0,214,0
"35-Kennedy","__DOC__",33,214,0.154205607476636
"35-Kennedy","__DOD__",58,214,0.271028037383178
"35-Kennedy","__DOE__",0,214,0
"35-Kennedy","__DOEd__",0,214,0
"35-Kennedy","__DOI__",19,214,0.088785046728972
"35-Kennedy","__DOJ__",21,214,0.0981308411214953
"35-Kennedy","__DOL__",22,214,0.102803738317757
"35-Kennedy","__DOT__",0,214,0
"35-Kennedy","__DOTr__",36,214,0.168224299065421
"35-Kennedy","__economy__",33,214,0.154205607476636
"35-Kennedy","__education__",34,214,0.158878504672897
"35-Kennedy","__energy__",7,214,0.0327102803738318
"35-Kennedy","__engineering__",18,214,0.0841121495327103
"35-Kennedy","__environment__",2,214,0.00934579439252336
"35-Kennedy","__EPA__",0,214,0
"35-Kennedy","__ERDA__",0,214,0
"35-Kennedy","__FAA__",3,214,0.014018691588785
"35-Kennedy","__FCC__",3,214,0.014018691588785
"35-Kennedy","__foreign__",45,214,0.210280373831776
"35-Kennedy","__GSA__",13,214,0.0607476635514019
"35-Kennedy","__health__",42,214,0.196261682242991
"35-Kennedy","__HHS__",0,214,0
"35-Kennedy","__HUD__",0,214,0
"35-Kennedy","__innovation__",1,214,0.00467289719626168
"35-Kennedy","__math__",2,214,0.00934579439252336
"35-Kennedy","__medical__",13,214,0.0607476635514019
"35-Kennedy","__NASA__",6,214,0.0280373831775701
"35-Kennedy","__NIH__",0,214,0
"35-Kennedy","__NIST__",0,214,0
"35-Kennedy","__NOAA__",0,214,0
"35-Kennedy","__NRC__",0,214,0
"35-Kennedy","__NSC__",0,214,0
"35-Kennedy","__NSF__",4,214,0.0186915887850467
"35-Kennedy","__NSTC__",0,214,0
"35-Kennedy","__nuclear__",10,214,0.0467289719626168
"35-Kennedy","__OMB__",18,214,0.0841121495327103
"35-Kennedy","__OSTP__",2,214,0.00934579439252336
"35-Kennedy","__PCAST__",0,214,0
"35-Kennedy","__science/research__",28,214,0.130841121495327
"35-Kennedy","__security__",34,214,0.158878504672897
"35-Kennedy","__State__",30,214,0.14018691588785
"35-Kennedy","__technology__",8,214,0.0373831775700935
"35-Kennedy","__university__",3,214,0.014018691588785
"35-Kennedy","__USDA__",26,214,0.121495327102804
"35-Kennedy","__USGS__",0,214,0
"35-Kennedy","__VA__",0,214,0
"36-Johnson","",85,325,0.261538461538462
"36-Johnson","__AEC__",8,325,0.0246153846153846
"36-Johnson","__art__",8,325,0.0246153846153846
"36-Johnson","__budget__",7,325,0.0215384615384615
"36-Johnson","__CEA__",0,325,0
"36-Johnson","__CEQ__",0,325,0
"36-Johnson","__CIA__",0,325,0
"36-Johnson","__computing__",1,325,0.00307692307692308
"36-Johnson","__DHS__",0,325,0
"36-Johnson","__DOC__",55,325,0.169230769230769
"36-Johnson","__DOD__",83,325,0.255384615384615
"36-Johnson","__DOE__",0,325,0
"36-Johnson","__DOEd__",0,325,0
"36-Johnson","__DOI__",39,325,0.12
"36-Johnson","__DOJ__",28,325,0.0861538461538462
"36-Johnson","__DOL__",34,325,0.104615384615385
"36-Johnson","__DOT__",24,325,0.0738461538461539
"36-Johnson","__DOTr__",60,325,0.184615384615385
"36-Johnson","__economy__",52,325,0.16
"36-Johnson","__education__",64,325,0.196923076923077
"36-Johnson","__energy__",1,325,0.00307692307692308
"36-Johnson","__engineering__",12,325,0.0369230769230769
"36-Johnson","__environment__",3,325,0.00923076923076923
"36-Johnson","__EPA__",0,325,0
"36-Johnson","__ERDA__",0,325,0
"36-Johnson","__FAA__",6,325,0.0184615384615385
"36-Johnson","__FCC__",2,325,0.00615384615384615
"36-Johnson","__foreign__",52,325,0.16
"36-Johnson","__GSA__",19,325,0.0584615384615385
"36-Johnson","__health__",62,325,0.190769230769231
"36-Johnson","__HHS__",0,325,0
"36-Johnson","__HUD__",27,325,0.0830769230769231
"36-Johnson","__innovation__",1,325,0.00307692307692308
"36-Johnson","__math__",1,325,0.00307692307692308
"36-Johnson","__medical__",14,325,0.0430769230769231
"36-Johnson","__NASA__",7,325,0.0215384615384615
"36-Johnson","__NIH__",2,325,0.00615384615384615
"36-Johnson","__NIST__",0,325,0
"36-Johnson","__NOAA__",0,325,0
"36-Johnson","__NRC__",0,325,0
"36-Johnson","__NSC__",1,325,0.00307692307692308
"36-Johnson","__NSF__",6,325,0.0184615384615385
"36-Johnson","__NSTC__",1,325,0.00307692307692308
"36-Johnson","__nuclear__",1,325,0.00307692307692308
"36-Johnson","__OMB__",22,325,0.0676923076923077
"36-Johnson","__OSTP__",6,325,0.0184615384615385
"36-Johnson","__PCAST__",0,325,0
"36-Johnson","__science/research__",27,325,0.0830769230769231
"36-Johnson","__security__",11,325,0.0338461538461538
"36-Johnson","__State__",43,325,0.132307692307692
"36-Johnson","__technology__",4,325,0.0123076923076923
"36-Johnson","__university__",6,325,0.0184615384615385
"36-Johnson","__USDA__",43,325,0.132307692307692
"36-Johnson","__USGS__",0,325,0
"36-Johnson","__VA__",0,325,0
"37-Nixon","",80,346,0.23121387283237
"37-Nixon","__AEC__",12,346,0.0346820809248555
"37-Nixon","__art__",2,346,0.00578034682080925
"37-Nixon","__budget__",17,346,0.0491329479768786
"37-Nixon","__CEA__",0,346,0
"37-Nixon","__CEQ__",10,346,0.0289017341040462
"37-Nixon","__CIA__",5,346,0.0144508670520231
"37-Nixon","__computing__",4,346,0.0115606936416185
"37-Nixon","__DHS__",0,346,0
"37-Nixon","__DOC__",49,346,0.141618497109827
"37-Nixon","__DOD__",53,346,0.153179190751445
"37-Nixon","__DOE__",0,346,0
"37-Nixon","__DOEd__",0,346,0
"37-Nixon","__DOI__",25,346,0.0722543352601156
"37-Nixon","__DOJ__",39,346,0.11271676300578
"37-Nixon","__DOL__",35,346,0.101156069364162
"37-Nixon","__DOT__",28,346,0.0809248554913295
"37-Nixon","__DOTr__",49,346,0.141618497109827
"37-Nixon","__economy__",72,346,0.208092485549133
"37-Nixon","__education__",60,346,0.173410404624277
"37-Nixon","__energy__",16,346,0.046242774566474
"37-Nixon","__engineering__",6,346,0.0173410404624277
"37-Nixon","__environment__",20,346,0.0578034682080925
"37-Nixon","__EPA__",20,346,0.0578034682080925
"37-Nixon","__ERDA__",0,346,0
"37-Nixon","__FAA__",0,346,0
"37-Nixon","__FCC__",3,346,0.00867052023121387
"37-Nixon","__foreign__",39,346,0.11271676300578
"37-Nixon","__GSA__",25,346,0.0722543352601156
"37-Nixon","__health__",57,346,0.164739884393064
"37-Nixon","__HHS__",0,346,0
"37-Nixon","__HUD__",35,346,0.101156069364162
"37-Nixon","__innovation__",5,346,0.0144508670520231
"37-Nixon","__math__",1,346,0.00289017341040462
"37-Nixon","__medical__",19,346,0.0549132947976879
"37-Nixon","__NASA__",3,346,0.00867052023121387
"37-Nixon","__NIH__",3,346,0.00867052023121387
"37-Nixon","__NIST__",0,346,0
"37-Nixon","__NOAA__",2,346,0.00578034682080925
"37-Nixon","__NRC__",0,346,0
"37-Nixon","__NSC__",7,346,0.0202312138728324
"37-Nixon","__NSF__",3,346,0.00867052023121387
"37-Nixon","__NSTC__",0,346,0
"37-Nixon","__nuclear__",6,346,0.0173410404624277
"37-Nixon","__OMB__",57,346,0.164739884393064
"37-Nixon","__OSTP__",3,346,0.00867052023121387
"37-Nixon","__PCAST__",0,346,0
"37-Nixon","__science/research__",21,346,0.0606936416184971
"37-Nixon","__security__",40,346,0.115606936416185
"37-Nixon","__State__",54,346,0.15606936416185
"37-Nixon","__technology__",10,346,0.0289017341040462
"37-Nixon","__university__",4,346,0.0115606936416185
"37-Nixon","__USDA__",41,346,0.11849710982659
"37-Nixon","__USGS__",0,346,0
"37-Nixon","__VA__",0,346,0
"38-Ford","",44,169,0.260355029585799
"38-Ford","__AEC__",6,169,0.0355029585798817
"38-Ford","__art__",1,169,0.00591715976331361
"38-Ford","__budget__",6,169,0.0355029585798817
"38-Ford","__CEA__",1,169,0.00591715976331361
"38-Ford","__CEQ__",7,169,0.0414201183431953
"38-Ford","__CIA__",4,169,0.0236686390532544
"38-Ford","__computing__",4,169,0.0236686390532544
"38-Ford","__DHS__",0,169,0
"38-Ford","__DOC__",33,169,0.195266272189349
"38-Ford","__DOD__",30,169,0.177514792899408
"38-Ford","__DOE__",0,169,0
"38-Ford","__DOEd__",0,169,0
"38-Ford","__DOI__",18,169,0.106508875739645
"38-Ford","__DOJ__",16,169,0.0946745562130177
"38-Ford","__DOL__",14,169,0.0828402366863905
"38-Ford","__DOT__",16,169,0.0946745562130177
"38-Ford","__DOTr__",34,169,0.201183431952663
"38-Ford","__economy__",35,169,0.207100591715976
"38-Ford","__education__",25,169,0.14792899408284
"38-Ford","__energy__",15,169,0.0887573964497041
"38-Ford","__engineering__",3,169,0.0177514792899408
"38-Ford","__environment__",10,169,0.0591715976331361
"38-Ford","__EPA__",11,169,0.0650887573964497
"38-Ford","__ERDA__",9,169,0.0532544378698225
"38-Ford","__FAA__",1,169,0.00591715976331361
"38-Ford","__FCC__",1,169,0.00591715976331361
"38-Ford","__foreign__",26,169,0.153846153846154
"38-Ford","__GSA__",17,169,0.100591715976331
"38-Ford","__health__",25,169,0.14792899408284
"38-Ford","__HHS__",0,169,0
"38-Ford","__HUD__",8,169,0.0473372781065089
"38-Ford","__innovation__",1,169,0.00591715976331361
"38-Ford","__math__",1,169,0.00591715976331361
"38-Ford","__medical__",7,169,0.0414201183431953
"38-Ford","__NASA__",1,169,0.00591715976331361
"38-Ford","__NIH__",2,169,0.0118343195266272
"38-Ford","__NIST__",0,169,0
"38-Ford","__NOAA__",1,169,0.00591715976331361
"38-Ford","__NRC__",5,169,0.029585798816568
"38-Ford","__NSC__",4,169,0.0236686390532544
"38-Ford","__NSF__",6,169,0.0355029585798817
"38-Ford","__NSTC__",0,169,0
"38-Ford","__nuclear__",5,169,0.029585798816568
"38-Ford","__OMB__",31,169,0.183431952662722
"38-Ford","__OSTP__",0,169,0
"38-Ford","__PCAST__",0,169,0
"38-Ford","__science/research__",12,169,0.0710059171597633
"38-Ford","__security__",23,169,0.136094674556213
"38-Ford","__State__",30,169,0.177514792899408
"38-Ford","__technology__",3,169,0.0177514792899408
"38-Ford","__university__",2,169,0.0118343195266272
"38-Ford","__USDA__",16,169,0.0946745562130177
"38-Ford","__USGS__",0,169,0
"38-Ford","__VA__",0,169,0
"39-Carter","",70,320,0.21875
"39-Carter","__AEC__",2,320,0.00625
"39-Carter","__art__",4,320,0.0125
"39-Carter","__budget__",23,320,0.071875
"39-Carter","__CEA__",0,320,0
"39-Carter","__CEQ__",12,320,0.0375
"39-Carter","__CIA__",5,320,0.015625
"39-Carter","__computing__",3,320,0.009375
"39-Carter","__DHS__",0,320,0
"39-Carter","__DOC__",37,320,0.115625
"39-Carter","__DOD__",49,320,0.153125
"39-Carter","__DOE__",39,320,0.121875
"39-Carter","__DOEd__",6,320,0.01875
"39-Carter","__DOI__",30,320,0.09375
"39-Carter","__DOJ__",53,320,0.165625
"39-Carter","__DOL__",36,320,0.1125
"39-Carter","__DOT__",25,320,0.078125
"39-Carter","__DOTr__",49,320,0.153125
"39-Carter","__economy__",48,320,0.15
"39-Carter","__education__",42,320,0.13125
"39-Carter","__energy__",30,320,0.09375
"39-Carter","__engineering__",9,320,0.028125
"39-Carter","__environment__",18,320,0.05625
"39-Carter","__EPA__",19,320,0.059375
"39-Carter","__ERDA__",3,320,0.009375
"39-Carter","__FAA__",0,320,0
"39-Carter","__FCC__",3,320,0.009375
"39-Carter","__foreign__",65,320,0.203125
"39-Carter","__GSA__",56,320,0.175
"39-Carter","__health__",50,320,0.15625
"39-Carter","__HHS__",9,320,0.028125
"39-Carter","__HUD__",19,320,0.059375
"39-Carter","__innovation__",3,320,0.009375
"39-Carter","__math__",0,320,0
"39-Carter","__medical__",10,320,0.03125
"39-Carter","__NASA__",3,320,0.009375
"39-Carter","__NIH__",0,320,0
"39-Carter","__NIST__",1,320,0.003125
"39-Carter","__NOAA__",1,320,0.003125
"39-Carter","__NRC__",9,320,0.028125
"39-Carter","__NSC__",6,320,0.01875
"39-Carter","__NSF__",7,320,0.021875
"39-Carter","__NSTC__",0,320,0
"39-Carter","__nuclear__",17,320,0.053125
"39-Carter","__OMB__",68,320,0.2125
"39-Carter","__OSTP__",6,320,0.01875
"39-Carter","__PCAST__",0,320,0
"39-Carter","__science/research__",29,320,0.090625
"39-Carter","__security__",49,320,0.153125
"39-Carter","__State__",54,320,0.16875
"39-Carter","__technology__",11,320,0.034375
"39-Carter","__university__",3,320,0.009375
"39-Carter","__USDA__",24,320,0.075
"39-Carter","__USGS__",0,320,0
"39-Carter","__VA__",0,320,0
"40-Reagan","",98,381,0.257217847769029
"40-Reagan","__AEC__",2,381,0.005249343832021
"40-Reagan","__art__",10,381,0.026246719160105
"40-Reagan","__budget__",27,381,0.0708661417322835
"40-Reagan","__CEA__",0,381,0
"40-Reagan","__CEQ__",0,381,0
"40-Reagan","__CIA__",11,381,0.0288713910761155
"40-Reagan","__computing__",6,381,0.015748031496063
"40-Reagan","__DHS__",0,381,0
"40-Reagan","__DOC__",38,381,0.0997375328083989
"40-Reagan","__DOD__",78,381,0.204724409448819
"40-Reagan","__DOE__",22,381,0.057742782152231
"40-Reagan","__DOEd__",12,381,0.031496062992126
"40-Reagan","__DOI__",25,381,0.0656167979002625
"40-Reagan","__DOJ__",36,381,0.094488188976378
"40-Reagan","__DOL__",19,381,0.0498687664041995
"40-Reagan","__DOT__",28,381,0.073490813648294
"40-Reagan","__DOTr__",46,381,0.120734908136483
"40-Reagan","__economy__",57,381,0.149606299212598
"40-Reagan","__education__",28,381,0.073490813648294
"40-Reagan","__energy__",27,381,0.0708661417322835
"40-Reagan","__engineering__",16,381,0.041994750656168
"40-Reagan","__environment__",16,381,0.041994750656168
"40-Reagan","__EPA__",8,381,0.020997375328084
"40-Reagan","__ERDA__",1,381,0.0026246719160105
"40-Reagan","__FAA__",4,381,0.010498687664042
"40-Reagan","__FCC__",2,381,0.005249343832021
"40-Reagan","__foreign__",82,381,0.215223097112861
"40-Reagan","__GSA__",58,381,0.152230971128609
"40-Reagan","__health__",35,381,0.0918635170603675
"40-Reagan","__HHS__",33,381,0.0866141732283465
"40-Reagan","__HUD__",10,381,0.026246719160105
"40-Reagan","__innovation__",3,381,0.0078740157480315
"40-Reagan","__math__",0,381,0
"40-Reagan","__medical__",17,381,0.0446194225721785
"40-Reagan","__NASA__",15,381,0.0393700787401575
"40-Reagan","__NIH__",0,381,0
"40-Reagan","__NIST__",1,381,0.0026246719160105
"40-Reagan","__NOAA__",1,381,0.0026246719160105
"40-Reagan","__NRC__",6,381,0.015748031496063
"40-Reagan","__NSC__",11,381,0.0288713910761155
"40-Reagan","__NSF__",8,381,0.020997375328084
"40-Reagan","__NSTC__",0,381,0
"40-Reagan","__nuclear__",22,381,0.057742782152231
"40-Reagan","__OMB__",49,381,0.128608923884514
"40-Reagan","__OSTP__",6,381,0.015748031496063
"40-Reagan","__PCAST__",0,381,0
"40-Reagan","__science/research__",34,381,0.089238845144357
"40-Reagan","__security__",77,381,0.202099737532808
"40-Reagan","__State__",68,381,0.178477690288714
"40-Reagan","__technology__",15,381,0.0393700787401575
"40-Reagan","__university__",7,381,0.0183727034120735
"40-Reagan","__USDA__",24,381,0.062992125984252
"40-Reagan","__USGS__",0,381,0
"40-Reagan","__VA__",0,381,0
"41-H.W. Bush","",40,166,0.240963855421687
"41-H.W. Bush","__AEC__",0,166,0
"41-H.W. Bush","__art__",4,166,0.0240963855421687
"41-H.W. Bush","__budget__",8,166,0.0481927710843374
"41-H.W. Bush","__CEA__",0,166,0
"41-H.W. Bush","__CEQ__",4,166,0.0240963855421687
"41-H.W. Bush","__CIA__",1,166,0.00602409638554217
"41-H.W. Bush","__computing__",3,166,0.0180722891566265
"41-H.W. Bush","__DHS__",0,166,0
"41-H.W. Bush","__DOC__",17,166,0.102409638554217
"41-H.W. Bush","__DOD__",42,166,0.253012048192771
"41-H.W. Bush","__DOE__",11,166,0.0662650602409639
"41-H.W. Bush","__DOEd__",5,166,0.0301204819277108
"41-H.W. Bush","__DOI__",9,166,0.0542168674698795
"41-H.W. Bush","__DOJ__",17,166,0.102409638554217
"41-H.W. Bush","__DOL__",9,166,0.0542168674698795
"41-H.W. Bush","__DOT__",19,166,0.114457831325301
"41-H.W. Bush","__DOTr__",22,166,0.132530120481928
"41-H.W. Bush","__economy__",36,166,0.216867469879518
"41-H.W. Bush","__education__",10,166,0.0602409638554217
"41-H.W. Bush","__energy__",10,166,0.0602409638554217
"41-H.W. Bush","__engineering__",5,166,0.0301204819277108
"41-H.W. Bush","__environment__",9,166,0.0542168674698795
"41-H.W. Bush","__EPA__",5,166,0.0301204819277108
"41-H.W. Bush","__ERDA__",0,166,0
"41-H.W. Bush","__FAA__",1,166,0.00602409638554217
"41-H.W. Bush","__FCC__",1,166,0.00602409638554217
"41-H.W. Bush","__foreign__",33,166,0.198795180722892
"41-H.W. Bush","__GSA__",25,166,0.150602409638554
"41-H.W. Bush","__health__",18,166,0.108433734939759
"41-H.W. Bush","__HHS__",11,166,0.0662650602409639
"41-H.W. Bush","__HUD__",3,166,0.0180722891566265
"41-H.W. Bush","__innovation__",2,166,0.0120481927710843
"41-H.W. Bush","__math__",2,166,0.0120481927710843
"41-H.W. Bush","__medical__",9,166,0.0542168674698795
"41-H.W. Bush","__NASA__",5,166,0.0301204819277108
"41-H.W. Bush","__NIH__",1,166,0.00602409638554217
"41-H.W. Bush","__NIST__",0,166,0
"41-H.W. Bush","__NOAA__",1,166,0.00602409638554217
"41-H.W. Bush","__NRC__",3,166,0.0180722891566265
"41-H.W. Bush","__NSC__",1,166,0.00602409638554217
"41-H.W. Bush","__NSF__",3,166,0.0180722891566265
"41-H.W. Bush","__NSTC__",0,166,0
"41-H.W. Bush","__nuclear__",7,166,0.0421686746987952
"41-H.W. Bush","__OMB__",18,166,0.108433734939759
"41-H.W. Bush","__OSTP__",1,166,0.00602409638554217
"41-H.W. Bush","__PCAST__",2,166,0.0120481927710843
"41-H.W. Bush","__science/research__",18,166,0.108433734939759
"41-H.W. Bush","__security__",45,166,0.271084337349398
"41-H.W. Bush","__State__",29,166,0.174698795180723
"41-H.W. Bush","__technology__",15,166,0.0903614457831325
"41-H.W. Bush","__university__",2,166,0.0120481927710843
"41-H.W. Bush","__USDA__",10,166,0.0602409638554217
"41-H.W. Bush","__USGS__",0,166,0
"41-H.W. Bush","__VA__",9,166,0.0542168674698795
"42-Clinton","",71,364,0.195054945054945
"42-Clinton","__AEC__",1,364,0.00274725274725275
"42-Clinton","__art__",10,364,0.0274725274725275
"42-Clinton","__budget__",41,364,0.112637362637363
"42-Clinton","__CEA__",0,364,0
"42-Clinton","__CEQ__",12,364,0.032967032967033
"42-Clinton","__CIA__",11,364,0.0302197802197802
"42-Clinton","__computing__",31,364,0.0851648351648352
"42-Clinton","__DHS__",0,364,0
"42-Clinton","__DOC__",59,364,0.162087912087912
"42-Clinton","__DOD__",97,364,0.266483516483516
"42-Clinton","__DOE__",40,364,0.10989010989011
"42-Clinton","__DOEd__",28,364,0.0769230769230769
"42-Clinton","__DOI__",47,364,0.129120879120879
"42-Clinton","__DOJ__",58,364,0.159340659340659
"42-Clinton","__DOL__",44,364,0.120879120879121
"42-Clinton","__DOT__",42,364,0.115384615384615
"42-Clinton","__DOTr__",62,364,0.17032967032967
"42-Clinton","__economy__",115,364,0.315934065934066
"42-Clinton","__education__",59,364,0.162087912087912
"42-Clinton","__energy__",31,364,0.0851648351648352
"42-Clinton","__engineering__",7,364,0.0192307692307692
"42-Clinton","__environment__",53,364,0.145604395604396
"42-Clinton","__EPA__",42,364,0.115384615384615
"42-Clinton","__ERDA__",0,364,0
"42-Clinton","__FAA__",3,364,0.00824175824175824
"42-Clinton","__FCC__",4,364,0.010989010989011
"42-Clinton","__foreign__",84,364,0.230769230769231
"42-Clinton","__GSA__",64,364,0.175824175824176
"42-Clinton","__health__",74,364,0.203296703296703
"42-Clinton","__HHS__",46,364,0.126373626373626
"42-Clinton","__HUD__",23,364,0.0631868131868132
"42-Clinton","__innovation__",22,364,0.0604395604395604
"42-Clinton","__math__",2,364,0.00549450549450549
"42-Clinton","__medical__",25,364,0.0686813186813187
"42-Clinton","__NASA__",13,364,0.0357142857142857
"42-Clinton","__NIH__",1,364,0.00274725274725275
"42-Clinton","__NIST__",4,364,0.010989010989011
"42-Clinton","__NOAA__",4,364,0.010989010989011
"42-Clinton","__NRC__",5,364,0.0137362637362637
"42-Clinton","__NSC__",13,364,0.0357142857142857
"42-Clinton","__NSF__",14,364,0.0384615384615385
"42-Clinton","__NSTC__",8,364,0.021978021978022
"42-Clinton","__nuclear__",16,364,0.043956043956044
"42-Clinton","__OMB__",78,364,0.214285714285714
"42-Clinton","__OSTP__",14,364,0.0384615384615385
"42-Clinton","__PCAST__",7,364,0.0192307692307692
"42-Clinton","__science/research__",62,364,0.17032967032967
"42-Clinton","__security__",109,364,0.299450549450549
"42-Clinton","__State__",88,364,0.241758241758242
"42-Clinton","__technology__",74,364,0.203296703296703
"42-Clinton","__university__",14,364,0.0384615384615385
"42-Clinton","__USDA__",31,364,0.0851648351648352
"42-Clinton","__USGS__",1,364,0.00274725274725275
"42-Clinton","__VA__",22,364,0.0604395604395604
"43-G. W. Bush","",37,291,0.127147766323024
"43-G. W. Bush","__AEC__",0,291,0
"43-G. W. Bush","__art__",7,291,0.0240549828178694
"43-G. W. Bush","__budget__",69,291,0.237113402061856
"43-G. W. Bush","__CEA__",0,291,0
"43-G. W. Bush","__CEQ__",11,291,0.0378006872852234
"43-G. W. Bush","__CIA__",12,291,0.0412371134020619
"43-G. W. Bush","__computing__",21,291,0.0721649484536082
"43-G. W. Bush","__DHS__",47,291,0.161512027491409
"43-G. W. Bush","__DOC__",40,291,0.13745704467354
"43-G. W. Bush","__DOD__",56,291,0.192439862542955
"43-G. W. Bush","__DOE__",24,291,0.0824742268041237
"43-G. W. Bush","__DOEd__",21,291,0.0721649484536082
"43-G. W. Bush","__DOI__",24,291,0.0824742268041237
"43-G. W. Bush","__DOJ__",60,291,0.206185567010309
"43-G. W. Bush","__DOL__",26,291,0.0893470790378007
"43-G. W. Bush","__DOT__",26,291,0.0893470790378007
"43-G. W. Bush","__DOTr__",61,291,0.209621993127148
"43-G. W. Bush","__economy__",90,291,0.309278350515464
"43-G. W. Bush","__education__",44,291,0.151202749140893
"43-G. W. Bush","__energy__",23,291,0.0790378006872852
"43-G. W. Bush","__engineering__",5,291,0.0171821305841924
"43-G. W. Bush","__environment__",31,291,0.106529209621993
"43-G. W. Bush","__EPA__",23,291,0.0790378006872852
"43-G. W. Bush","__ERDA__",0,291,0
"43-G. W. Bush","__FAA__",2,291,0.00687285223367698
"43-G. W. Bush","__FCC__",3,291,0.0103092783505155
"43-G. W. Bush","__foreign__",88,291,0.302405498281787
"43-G. W. Bush","__GSA__",36,291,0.123711340206186
"43-G. W. Bush","__health__",46,291,0.15807560137457
"43-G. W. Bush","__HHS__",51,291,0.175257731958763
"43-G. W. Bush","__HUD__",23,291,0.0790378006872852
"43-G. W. Bush","__innovation__",15,291,0.0515463917525773
"43-G. W. Bush","__math__",2,291,0.00687285223367698
"43-G. W. Bush","__medical__",13,291,0.0446735395189003
"43-G. W. Bush","__NASA__",5,291,0.0171821305841924
"43-G. W. Bush","__NIH__",2,291,0.00687285223367698
"43-G. W. Bush","__NIST__",1,291,0.00343642611683849
"43-G. W. Bush","__NOAA__",4,291,0.013745704467354
"43-G. W. Bush","__NRC__",1,291,0.00343642611683849
"43-G. W. Bush","__NSC__",9,291,0.0309278350515464
"43-G. W. Bush","__NSF__",7,291,0.0240549828178694
"43-G. W. Bush","__NSTC__",3,291,0.0103092783505155
"43-G. W. Bush","__nuclear__",11,291,0.0378006872852234
"43-G. W. Bush","__OMB__",76,291,0.261168384879725
"43-G. W. Bush","__OSTP__",10,291,0.0343642611683849
"43-G. W. Bush","__PCAST__",6,291,0.0206185567010309
"43-G. W. Bush","__science/research__",52,291,0.178694158075601
"43-G. W. Bush","__security__",107,291,0.367697594501718
"43-G. W. Bush","__State__",76,291,0.261168384879725
"43-G. W. Bush","__technology__",57,291,0.195876288659794
"43-G. W. Bush","__university__",11,291,0.0378006872852234
"43-G. W. Bush","__USDA__",23,291,0.0790378006872852
"43-G. W. Bush","__USGS__",1,291,0.00343642611683849
"43-G. W. Bush","__VA__",25,291,0.0859106529209622
"44-Obama","",15,213,0.0704225352112676
"44-Obama","__AEC__",0,213,0
"44-Obama","__art__",8,213,0.0375586854460094
"44-Obama","__budget__",126,213,0.591549295774648
"44-Obama","__CEA__",0,213,0
"44-Obama","__CEQ__",21,213,0.0985915492957746
"44-Obama","__CIA__",9,213,0.0422535211267606
"44-Obama","__computing__",18,213,0.0845070422535211
"44-Obama","__DHS__",54,213,0.253521126760563
"44-Obama","__DOC__",49,213,0.230046948356808
"44-Obama","__DOD__",50,213,0.234741784037559
"44-Obama","__DOE__",33,213,0.154929577464789
"44-Obama","__DOEd__",28,213,0.131455399061033
"44-Obama","__DOI__",32,213,0.150234741784038
"44-Obama","__DOJ__",59,213,0.276995305164319
"44-Obama","__DOL__",41,213,0.192488262910798
"44-Obama","__DOT__",26,213,0.122065727699531
"44-Obama","__DOTr__",71,213,0.333333333333333
"44-Obama","__economy__",115,213,0.539906103286385
"44-Obama","__education__",35,213,0.164319248826291
"44-Obama","__energy__",34,213,0.15962441314554
"44-Obama","__engineering__",14,213,0.0657276995305164
"44-Obama","__environment__",37,213,0.173708920187793
"44-Obama","__EPA__",32,213,0.150234741784038
"44-Obama","__ERDA__",0,213,0
"44-Obama","__FAA__",0,213,0
"44-Obama","__FCC__",4,213,0.0187793427230047
"44-Obama","__foreign__",64,213,0.300469483568075
"44-Obama","__GSA__",45,213,0.211267605633803
"44-Obama","__health__",67,213,0.314553990610329
"44-Obama","__HHS__",45,213,0.211267605633803
"44-Obama","__HUD__",17,213,0.07981220657277
"44-Obama","__innovation__",39,213,0.183098591549296
"44-Obama","__math__",3,213,0.0140845070422535
"44-Obama","__medical__",18,213,0.0845070422535211
"44-Obama","__NASA__",7,213,0.0328638497652582
"44-Obama","__NIH__",2,213,0.00938967136150235
"44-Obama","__NIST__",4,213,0.0187793427230047
"44-Obama","__NOAA__",6,213,0.028169014084507
"44-Obama","__NRC__",5,213,0.0234741784037559
"44-Obama","__NSC__",14,213,0.0657276995305164
"44-Obama","__NSF__",9,213,0.0422535211267606
"44-Obama","__NSTC__",3,213,0.0140845070422535
"44-Obama","__nuclear__",12,213,0.0563380281690141
"44-Obama","__OMB__",129,213,0.605633802816901
"44-Obama","__OSTP__",28,213,0.131455399061033
"44-Obama","__PCAST__",7,213,0.0328638497652582
"44-Obama","__science/research__",48,213,0.225352112676056
"44-Obama","__security__",103,213,0.483568075117371
"44-Obama","__State__",76,213,0.356807511737089
"44-Obama","__technology__",65,213,0.305164319248826
"44-Obama","__university__",18,213,0.0845070422535211
"44-Obama","__USDA__",36,213,0.169014084507042
"44-Obama","__USGS__",0,213,0
"44-Obama","__VA__",25,213,0.117370892018779
