"num","title","link","year","word.count","president","party","eoMatches","matchWords","st.flag","matchWords.num","stMatch.count","stMatchRatio","PropSTtopic"
"13505","Removing Barriers to Responsible Scientific Research Involving Human Stem Cells","http://www.presidency.ucsb.edu/ws/index.php?pid=85830","2009",467,"44-Barack Obama","D","13435","__science/research__; __HHS__; __NIH__; __OMB__; __budget__",TRUE,5,26,0.0556745182012848,0.647058650519235
"10668","Amendment of Executive Order No. 2859, of May 11, 1918, Relating to the National Research Council","http://www.presidency.ucsb.edu/ws/index.php?pid=106369","1956",575,"34-Dwight D. Eisenhower","R","","__science/research__; __math__; __engineering__; __medical__; __foreign__; __DOD__",TRUE,6,27,0.0469565217391304,0.565853318263437
"12832","Amendments Relating to the National Research Council","http://www.presidency.ucsb.edu/ws/index.php?pid=368","1993",974,"41-George H. W. Bush","R","","__science/research__; __engineering__; __medical__; __math__; __environment__; __security__; __economy__; __health__; __foreign__; __OMB__",TRUE,10,35,0.0359342915811088,0.557755369299842
"10521","Administration of Scientific Research by Agencies of the Federal Government","http://www.presidency.ucsb.edu/ws/index.php?pid=59228","1954",914,"34-Dwight D. Eisenhower","R","","__science/research__; __security__; __education__; __economy__; __NSF__; __health__; __budget__",TRUE,7,59,0.0645514223194748,0.534759196717222
"13435","Expanding Approved Stem Cell Lines in Ethically Responsible Ways","http://www.presidency.ucsb.edu/ws/index.php?pid=75464","2007",892,"43-George W. Bush","R","","__science/research__; __HHS__; __health__; __NIH__; __medical__; __nuclear__",TRUE,6,26,0.0291479820627803,0.522490972330834
"12891","Advisory Committee on Human Radiation Experiments","http://www.presidency.ucsb.edu/ws/index.php?pid=50220","1994",1038,"42-William J. Clinton","D","","__DOE__; __DOD__; __HHS__; __VA__; __DOJ__; __NASA__; __OMB__; __science/research__; __environment__; __health__; __AEC__; __war__; __education__; __medical__",TRUE,14,15,0.0144508670520231,0.45066633244489
"12591","Facilitating Access to Science and Technology","http://www.presidency.ucsb.edu/ws/index.php?pid=34111","1987",1392,"40-Ronald Reagan","R","","__science/research__; __technology__; __university__; __computing__; __engineering__; __USDA__; __energy__; __HHS__; __NASA__; __economy__; __budget__; __foreign__; __security__; __State__; __NSF__; __DOD__; __OSTP__",TRUE,17,77,0.055316091954023,0.407079326885849
"13539","President's Council of Advisors on Science and Technology","http://www.presidency.ucsb.edu/ws/index.php?pid=87787","2010",892,"44-Barack Obama","D","12968; 13226","__PCAST__; __science/research__; __technology__; __innovation__; __economy__; __energy__; __environment__; __health__; __security__; __university__; __computing__; __NSTC__; __OSTP__; __OMB__; __budget__",TRUE,15,64,0.0717488789237668,0.376175390375686
"11502","Enlarging the Membership of the President's Committee on the National Medal of Science","http://www.presidency.ucsb.edu/ws/index.php?pid=106006","1969",121,"37-Richard Nixon","R","11287","__science/research__",TRUE,1,4,0.0330578512396694,0.374997812527343
"13349","Amending Executive Order 13226 To Designate the Presidents Council of Advisors on Science and Technology To Serve as the National Nanotechnology Advisory Panel","http://www.presidency.ucsb.edu/ws/index.php?pid=61443","2004",171,"43-George W. Bush","R","13226","__PCAST__; __technology__; __science/research__",TRUE,3,10,0.0584795321637427,0.370368107021033
"13185","To Strengthen the Federal Government-University Research Partnership","http://www.presidency.ucsb.edu/ws/index.php?pid=61674","2000",557,"42-William J. Clinton","D","","__university__; __science/research__; __technology__; __innovation__; __education__; __engineering__; __economy__; __security__; __NSTC__; __OSTP__; __health__",TRUE,11,48,0.0861759425493716,0.365461368366181
"9912","Establishing the Interdepartmental Committee on Scientific Research and Development","http://www.presidency.ucsb.edu/ws/index.php?pid=60725","1947",448,"33-Harry S. Truman","D","","__science/research__; __USDA__; __security__; __AEC__",TRUE,4,15,0.0334821428571429,0.365269403707658
"9791","Providing for a Study of Scientific Reseach and Development Activities and Establishing the President's Scientific Research Board","http://www.presidency.ucsb.edu/ws/index.php?pid=77965","1946",609,"33-Harry S. Truman","D","","__science/research__; __economy__; __war__; __budget__; __USDA__; __DOC__; __DOI__; __DOD__; __FCC__",TRUE,9,24,0.0394088669950739,0.364054921532439
"13419","National Aeronautics Research and Development","http://www.presidency.ucsb.edu/ws/index.php?pid=24393","2006",1013,"43-George W. Bush","R","12881; 13346","__science/research__; __technology__; __NASA__; __economy__; __security__; __foreign__; __NSTC__; __OSTP__; __OMB__; __innovation__; __education__; __DOD__; __DOT__; __budget__",TRUE,14,27,0.0266535044422507,0.359050315667281
"13113","President's Information Technology Advisory Committee, Further Amendments to Executive Order 13035, as Amended","http://www.presidency.ucsb.edu/ws/index.php?pid=56879","1999",287,"42-William J. Clinton","D","13035","__technology__; __computing__; __science/research__",TRUE,3,12,0.0418118466898955,0.356321350246666
"12039","Science and Technology Policy Functions","http://www.presidency.ucsb.edu/ws/index.php?pid=30416","1978",919,"39-Jimmy Carter","D","","__technology__; __science/research__; __budget__; __OSTP__; __NSF__; __engineering__; __OMB__",TRUE,7,48,0.0522306855277476,0.354838397503231
"12882","President's Committee of Advisors on Science and Technology","http://www.presidency.ucsb.edu/ws/index.php?pid=61575","1993",479,"42-William J. Clinton","D","12700; 12768; 12869","__PCAST__; __science/research__; __technology__; __NSTC__; __OSTP__",TRUE,5,32,0.0668058455114822,0.333333123690255
"12975","Protection of Human Research Subjects and Creation of National Bioethics Advisory Commission","http://www.presidency.ucsb.edu/ws/index.php?pid=50599","1995",1068,"42-William J. Clinton","D","","__science/research__; __education__; __medical__; __university__; __health__; __NSTC__; __technology__; __HHS__",TRUE,8,25,0.0234082397003745,0.321148666907746
"12184","President's Special Commission for the Study of Ethical Problems in Medicine and Biomedical and Behavioral Research","http://www.presidency.ucsb.edu/ws/index.php?pid=31843","1979",304,"39-Jimmy Carter","D","","__medical__; __science/research__; __health__; __education__",TRUE,4,12,0.0394736842105263,0.303278265253011
"12501","Arctic Research","http://www.presidency.ucsb.edu/ws/index.php?pid=38955","1985",1426,"40-Ronald Reagan","R","","__science/research__; __health__; __environment__; __NSF__; __DOC__; __DOD__; __DOE__; __DOI__; __State__; __DOT__; __HHS__; __NASA__; __EPA__; __OSTP__; __university__; __budget__; __foreign__",TRUE,17,52,0.0364656381486676,0.297490898755306
"10807","Federal Council for Science and Technology","http://www.presidency.ucsb.edu/ws/index.php?pid=106503","1959",1289,"34-Dwight D. Eisenhower","R","9912; 10521","__science/research__; __technology__; __security__; __health__; __economy__; __education__; __DOD__; __NSF__; __NASA__; __AEC__; __State__; __OMB__",TRUE,12,56,0.04344453064391,0.29336184722754
"10783","Transferring Certain Functions From the Department of Defense to the National Aeronautics and Space Administration","http://www.presidency.ucsb.edu/ws/index.php?pid=59266","1958",367,"34-Dwight D. Eisenhower","R","10530","__DOD__; __NASA__; __science/research__; __DOTr__; __OMB__; __budget__",TRUE,6,10,0.0272479564032698,0.285714128729105
"12660","National Microgravity Research Board","http://www.presidency.ucsb.edu/ws/index.php?pid=35271","1988",401,"40-Ronald Reagan","R","12591","__science/research__; __NASA__; __State__; __DOD__; __DOC__; __HHS__; __DOT__; __DOE__; __NSF__; __economy__; __environment__",TRUE,11,15,0.0374064837905237,0.284721532603661
"9913","Terminating the Office of Scientific Research and Development and Providing for the Completion of Its Liquidation","http://www.presidency.ucsb.edu/ws/index.php?pid=78155","1947",253,"33-Harry S. Truman","D","","__science/research__; __OMB__",TRUE,2,8,0.0316205533596838,0.282353453285992
"13237","Creation of the Presidents Council on Bioethics","http://www.presidency.ucsb.edu/ws/index.php?pid=61518","2001",960,"43-George W. Bush","R","","__medical__; __science/research__; __technology__; __education__; __HHS__",TRUE,5,21,0.021875,0.280748480082652
"13226","Presidents Council of Advisors on Science and Technology","http://www.presidency.ucsb.edu/ws/index.php?pid=61507","2001",493,"43-George W. Bush","R","12882; 12907; 13138","__PCAST__; __science/research__; __technology__; __NSTC__; __OSTP__",TRUE,5,31,0.0628803245436105,0.274390184414184
"11734","Revising the Membership of the President's Committee on the National Medal of Science","http://www.presidency.ucsb.edu/ws/index.php?pid=106769","1973",79,"37-Richard Nixon","R","11287","__science/research__",TRUE,1,3,0.0379746835443038,0.269230473377333
"9604","Providing for the Release of Scientific Information (Extension and Amendment of Executive Order No. 9568)","http://www.presidency.ucsb.edu/ws/index.php?pid=60669","1945",305,"33-Harry S. Truman","D","9568","__science/research__; __security__; __technology__; __war__; __DOD__",TRUE,5,9,0.0295081967213115,0.268517704051918
"13200","Presidents Information Technology Advisory Committee, Further Amendment to Executive Order 13035, as Amended","http://www.presidency.ucsb.edu/ws/index.php?pid=61482","2001",173,"43-George W. Bush","R","13035; 13092; 13113","__technology__; __computing__; __science/research__",TRUE,3,5,0.0289017341040462,0.266666518519835
"13521","Establishing the Presidential Commission for the Study of Bioethical Issues","http://www.presidency.ucsb.edu/ws/index.php?pid=86944","2009",951,"44-Barack Obama","D","13237","__HHS__; __medical__; __science/research__; __technology__; __health__; __innovation__; __engineering__; __OMB__; __budget__",TRUE,9,27,0.028391167192429,0.26112750574554
"12821","Improving Mathematics and Science Education in Support of the National Education Goals","http://www.presidency.ucsb.edu/ws/index.php?pid=23639","1992",1005,"41-George H. W. Bush","R","","__math__; __science/research__; __education__; __technology__; __innovation__; __engineering__; __university__; __NSF__; __DOEd__; __DOE__; __budget__; __DOD__; __energy__; __HHS__; __NASA__; __computing__",TRUE,16,46,0.045771144278607,0.251989387809668
"11381","Amending Executive Order No. 10807 of March 13, 1959, Relating to the Federal Council for Science and Technology","http://www.presidency.ucsb.edu/ws/index.php?pid=60556","1967",213,"36-Lyndon B. Johnson","D","10807","__science/research__; __technology__; __USDA__; __DOC__; __DOD__; __health__; __education__; __HUD__; __DOI__; __State__; __DOT__; __AEC__; __NASA__; __NSF__; __OMB__",TRUE,15,10,0.0469483568075117,0.245614496765807
"10793","Transferring Certain Functions From the Department of Defense to the National Aeronautics and Space Administration","http://www.presidency.ucsb.edu/ws/index.php?pid=59269","1958",355,"34-Dwight D. Eisenhower","R","","__DOD__; __NASA__; __budget__; __technology__; __science/research__; __engineering__; __DOTr__",TRUE,7,11,0.0309859154929577,0.245282805269786
"13305","Extension of the Presidents Information Technology Advisory Committee and the Presidents Council of Advisors on Science and Technology","http://www.presidency.ucsb.edu/ws/index.php?pid=61400","2003",175,"43-George W. Bush","R","13035; 13226","__technology__; __PCAST__; __computing__; __science/research__",TRUE,4,7,0.04,0.236842243765855
"11915","Abolishing the Energy Research and Development Advisory Council","http://www.presidency.ucsb.edu/ws/index.php?pid=23655","1976",67,"38-Gerald R. Ford","R","11827","__energy__; __science/research__",TRUE,2,4,0.0597014925373134,0.235295847720334
"11287","Award and Presentation of the National Medal of Science","http://www.presidency.ucsb.edu/ws/index.php?pid=59158","1966",1365,"36-Lyndon B. Johnson","D","10910; 10961","__science/research__; __math__; __engineering__; __NSF__; __university__; __DOC__; __technology__; __medical__",TRUE,8,35,0.0256410256410256,0.21804503552125
"13092","President's Information Technology Advisory Committee, Amendments to Executive Order 13035","http://www.presidency.ucsb.edu/ws/index.php?pid=56356","1998",170,"42-William J. Clinton","D","13035","__technology__; __computing__",TRUE,2,9,0.0529411764705882,0.21052622345418
"12881","Establishment of the National Science and Technology Council","http://www.presidency.ucsb.edu/ws/index.php?pid=61574","1993",583,"42-William J. Clinton","D","","__NSTC__; __DOC__; __DOD__; __DOE__; __HHS__; __State__; __DOI__; __NASA__; __NSF__; __OMB__; __EPA__; __science/research__; __technology__; __security__; __economy__; __budget__; __engineering__",TRUE,17,27,0.0463121783876501,0.209090983470939
"13326","Presidents Commission on Implementation of United States Space Exploration Policy","http://www.presidency.ucsb.edu/ws/index.php?pid=61421","2004",701,"43-George W. Bush","R","12958","__science/research__; __budget__; __technology__; __math__; __engineering__; __NASA__",TRUE,6,12,0.0171184022824536,0.208888961975179
"13137","Further Amendment to Executive Order 12975, as Amended, National Bioethics Advisory Commission","http://www.presidency.ucsb.edu/ws/index.php?pid=56517","1999",367,"42-William J. Clinton","D","12975","__HHS__; __science/research__; __medical__; __health__",TRUE,4,5,0.0136239782016349,0.20201998775765
"10961","Providing Procedures for the Award of the National Medal of Science","http://www.presidency.ucsb.edu/ws/index.php?pid=58899","1961",698,"35-John F. Kennedy","D","10910","__science/research__; __math__; __engineering__; __NSF__",TRUE,4,17,0.0243553008595989,0.197368340258754
"11862","Amending Executive Order No. 11652 Relating to Classification and Declassification of National Security Information and Material","http://www.presidency.ucsb.edu/ws/index.php?pid=23933","1975",170,"38-Gerald R. Ford","R","11652","__security__; __energy__; __AEC__; __science/research__; __NRC__",TRUE,5,11,0.0647058823529412,0.19672101585886
"13329","Encouraging Innovation in Manufacturing","http://www.presidency.ucsb.edu/ws/index.php?pid=61424","2004",601,"43-George W. Bush","R","12958","__innovation__; __technology__; __economy__; __science/research__; __OSTP__; __OMB__; __budget__",TRUE,7,17,0.0282861896838602,0.192118340653516
"12661","Implementing the Omnibus Trade and Competitiveness Act of 1988 and Related International Trade Matters","http://www.presidency.ucsb.edu/ws/index.php?pid=35298","1988",2879,"40-Ronald Reagan","R","11858; 12291","__economy__; __foreign__; __security__; __DOC__; __energy__; __DOJ__; __OMB__; __DOTr__; __DOD__; __technology__; __State__; __OSTP__; __budget__; __science/research__; __DOE__; __NSF__; __NASA__; __engineering__; __NIST__; __DOT__; __university__",TRUE,21,49,0.0170197985411601,0.186249985312511
"12956","Israel-United States Binational Industrial Research and Development Foundation","http://www.presidency.ucsb.edu/ws/index.php?pid=51096","1995",152,"42-William J. Clinton","D","","__science/research__",TRUE,1,3,0.0197368421052632,0.180328621334649
"10870","Designating the Facilities of the National Aeronautics and Space Administration at Huntsville, Alabama, as the George C. Marshall Space Flight Center","http://www.presidency.ucsb.edu/ws/index.php?pid=59285","1960",161,"34-Dwight D. Eisenhower","R","","__NASA__; __science/research__",TRUE,2,4,0.0248447204968944,0.17999912001408
"9568","Providing for the Release of Scientific Information","http://www.presidency.ucsb.edu/ws/index.php?pid=60663","1945",891,"33-Harry S. Truman","D","","__science/research__; __security__; __war__; __DOD__; __State__; __foreign__; __DOJ__; __DOI__; __USDA__; __DOC__; __DOL__",TRUE,11,15,0.0168350168350168,0.176291722175667
"12700","President's Council of Advisors on Science and Technology","http://www.presidency.ucsb.edu/ws/index.php?pid=23546","1990",441,"41-George H. W. Bush","R","","__PCAST__; __science/research__; __technology__; __OSTP__",TRUE,4,13,0.0294784580498866,0.17532498313315
"10910","Providing for the Design and Award of the National Medal of Science","http://www.presidency.ucsb.edu/ws/index.php?pid=59290","1961",470,"34-Dwight D. Eisenhower","R","","__science/research__; __math__; __engineering__; __NSF__",TRUE,4,11,0.0234042553191489,0.170212871585562
"9865","Providing for the Protection Abroad of Inventions Resulting from Research Financed by the Government","http://www.presidency.ucsb.edu/ws/index.php?pid=59309","1947",699,"33-Harry S. Truman","D","9568; 9604; 9809","__science/research__; __foreign__; __DOC__; __health__; __State__; __economy__; __AEC__; __security__",TRUE,8,7,0.0100143061516452,0.167630151357944
"11882","Membership of Energy Research and Development Administration on Established River Basin Commissions","http://www.presidency.ucsb.edu/ws/index.php?pid=23948","1975",217,"38-Gerald R. Ford","R","11345; 11371; 11578; 11658; 11659","__energy__; __science/research__; __DOT__; __AEC__",TRUE,4,9,0.0414746543778802,0.164557186346922
"13035","Advisory Committee on High-Performance Computing and Communications, Information Technology, and the Next Generation Internet","http://www.presidency.ucsb.edu/ws/index.php?pid=53602","1997",515,"42-William J. Clinton","D","","__computing__; __technology__; __science/research__; __education__; __NSTC__; __OSTP__; __DOD__",TRUE,7,23,0.0446601941747573,0.163043667296375
"12806","Establishment of a Fetal Tissue Bank","http://www.presidency.ucsb.edu/ws/index.php?pid=23740","1992",229,"41-George H. W. Bush","R","","__science/research__; __HHS__; __medical__",TRUE,3,3,0.0131004366812227,0.160000053332907
"11834","Activation of the Energy Research and Development Administration and the Nuclear Regulatory Commission","http://www.presidency.ucsb.edu/ws/index.php?pid=23912","1975",284,"38-Gerald R. Ford","R","11814","__energy__; __science/research__; __NRC__; __OMB__; __DOI__",TRUE,5,13,0.0457746478873239,0.156626578603046
"11760","Designating the European Space Research Organization (ESRO) as a Public International Organization Entitled to Enjoy Certain Privileges, Exemptions, and Immunities","http://www.presidency.ucsb.edu/ws/index.php?pid=106783","1974",103,"37-Richard Nixon","R","11318; 11351","__science/research__",TRUE,1,2,0.0194174757281553,0.153847534506145
"11911","Preservation of Endangered Species","http://www.presidency.ucsb.edu/ws/index.php?pid=60470","1976",596,"38-Gerald R. Ford","R","","__DOI__; __science/research__; __USDA__; __DOC__; __health__; __education__; __NSF__; __CEQ__; __DOTr__; __State__",TRUE,10,9,0.0151006711409396,0.150259196219699
"12768","Extension of the President's Council of Advisors on Science and Technology","http://www.presidency.ucsb.edu/ws/index.php?pid=23607","1991",71,"41-George H. W. Bush","R","12700","__PCAST__",TRUE,1,2,0.028169014084507,0.142860203994172
"10831","Establishing the Federal Radiation Council","http://www.presidency.ucsb.edu/ws/index.php?pid=106519","1959",334,"34-Dwight D. Eisenhower","R","","__DOD__; __DOC__; __health__; __education__; __AEC__; __science/research__; __technology__",TRUE,7,3,0.00898203592814371,0.141593429397975
"13100","President's Council on Food Safety","http://www.presidency.ucsb.edu/ws/index.php?pid=54817","1998",767,"42-William J. Clinton","D","","__science/research__; __education__; __USDA__; __HHS__; __OMB__; __EPA__; __technology__; __OSTP__; __health__; __budget__; __NSTC__",TRUE,11,17,0.0221642764015645,0.138728372147332
"13046","Further Amendment to Executive Order 12975, Extension of the National Bioethics Advisory Commission","http://www.presidency.ucsb.edu/ws/index.php?pid=54145","1997",89,"42-William J. Clinton","D","12975","",FALSE,0,0,0,0.136365082611759
"11438","Prescribing Procedures Governing Interdepartmental Cash Awards to the Members of the Armed Forces","http://www.presidency.ucsb.edu/ws/index.php?pid=59176","1968",494,"36-Lyndon B. Johnson","D","","__science/research__; __economy__; __DOT__; __DOD__",TRUE,4,6,0.0121457489878543,0.135714612243965
"11268","Placing an Additional Position in Level V of the Federal Executive Salary Schedule","http://www.presidency.ucsb.edu/ws/index.php?pid=105690","1966",93,"36-Lyndon B. Johnson","D","11248","__science/research__; __engineering__; __DOD__",TRUE,3,2,0.021505376344086,0.133335333313334
"9673","Transfer of Certain Production Research and Development Functions from the Civilian Production Administration to the Department of Commerce","http://www.presidency.ucsb.edu/ws/index.php?pid=78049","1946",194,"33-Harry S. Truman","D","","__science/research__; __DOC__; __war__; __OMB__",TRUE,4,3,0.0154639175257732,0.128572306118688
"12509","Technical Review Group on Inertial Confinement Fusion","http://www.presidency.ucsb.edu/ws/index.php?pid=38464","1985",387,"40-Ronald Reagan","R","","__DOD__; __OSTP__; __energy__; __science/research__; __DOE__",TRUE,5,6,0.0155038759689922,0.125000086805134
"12961","Presidential Advisory Committee on Gulf War Veterans' Illnesses","http://www.presidency.ucsb.edu/ws/index.php?pid=51416","1995",781,"42-William J. Clinton","D","","__war__; __DOD__; __VA__; __HHS__; __science/research__; __medical__; __health__; __NIH__; __technology__; __environment__",TRUE,10,13,0.0166453265044814,0.119298303477851
"12517","Delegation Concerning the United States- India Fund for Cultural, Educational, and Scientific Cooperation","http://www.presidency.ucsb.edu/ws/index.php?pid=38703","1985",183,"40-Ronald Reagan","R","","__education__; __science/research__; __State__; __DOC__; __DOTr__",TRUE,5,3,0.0163934426229508,0.117648096877672
"12641","John C. Stennis Space Center","http://www.presidency.ucsb.edu/ws/index.php?pid=35861","1988",214,"40-Ronald Reagan","R","","__NASA__; __technology__",TRUE,2,3,0.014018691588785,0.116667361105324
"10799","Providing Further for the Administration of the Agricultural Trade Development and Assistance Act of 1954, as Amended","http://www.presidency.ucsb.edu/ws/index.php?pid=106497","1959",218,"34-Dwight D. Eisenhower","R","10560","__NSF__; __OMB__; __science/research__",TRUE,3,4,0.018348623853211,0.11538542898626
"13134","Developing and Promoting Biobased Products and Bioenergy","http://www.presidency.ucsb.edu/ws/index.php?pid=58047","1999",1565,"42-William J. Clinton","D","13101","__energy__; __technology__; __economy__; __foreign__; __science/research__; __USDA__; __EPA__; __OMB__; __NSF__; __environment__; __DOE__; __security__; __budget__; __university__",TRUE,14,64,0.0408945686900958,0.114958475802032
"9942","Providing for the Performance of Certain Functions Under the Rubber Act of 1948","http://www.presidency.ucsb.edu/ws/index.php?pid=78179","1948",244,"33-Harry S. Truman","D","","__DOC__; __science/research__",TRUE,2,1,0.00409836065573771,0.114755173335213
"11195","Placing Additional Positions in Levels IV and V of the Federal Executive Salary Schedule","http://www.presidency.ucsb.edu/ws/index.php?pid=60528","1965",123,"36-Lyndon B. Johnson","D","11189","__State__; __science/research__; __economy__",TRUE,3,1,0.00813008130081301,0.114286938758018
"10739","Amendment of Executive Order No. 10152, Prescribing Regulations Relating to Incentive Pay for the Performance of Hazardous Duty by Members of the Uniformed Services","http://www.presidency.ucsb.edu/ws/index.php?pid=106344","1957",154,"34-Dwight D. Eisenhower","R","10152; 10618","",FALSE,0,0,0,0.113208793157775
"11393","Amending Executive Order No. 11248, Placing Certain Positions in Levels IV and V of the Federal Executive Salary Schedule","http://www.presidency.ucsb.edu/ws/index.php?pid=106201","1968",91,"36-Lyndon B. Johnson","D","11248; 11268","__science/research__; __engineering__; __DOD__",TRUE,3,2,0.021978021978022,0.111113991748209
"12026","Energy Department Employees","http://www.presidency.ucsb.edu/ws/index.php?pid=6986","1977",141,"39-Jimmy Carter","D","","__energy__; __DOE__; __AEC__; __science/research__",TRUE,4,7,0.049645390070922,0.111112345668039
"11953","Assigning Emergency Preparedness Functions to the Energy Research and Development Administration and Nuclear Regulatory Commission","http://www.presidency.ucsb.edu/ws/index.php?pid=23763","1977",1391,"38-Gerald R. Ford","R","11490; 11921","__energy__; __science/research__; __NRC__; __security__; __AEC__; __nuclear__; __DOD__; __health__; __environment__; __technology__; __engineering__; __foreign__; __DOC__; __State__",TRUE,14,75,0.0539180445722502,0.111111185933345
"12420","Incentive Pay for Hazardous Duty","http://www.presidency.ucsb.edu/ws/index.php?pid=41308","1983",314,"40-Ronald Reagan","R","11157","__medical__; __science/research__",TRUE,2,2,0.00636942675159236,0.108696148390498
"12747","National Nutrition Monitoring Advisory Council","http://www.presidency.ucsb.edu/ws/index.php?pid=23586","1991",990,"41-George H. W. Bush","R","","__science/research__; __USDA__; __HHS__; __health__; __medical__; __education__; __technology__; __engineering__; __economy__",TRUE,9,12,0.0121212121212121,0.108187268732063
"11394","Establishing the President's Commission for the Observance of Human Rights Year 1968","http://www.presidency.ucsb.edu/ws/index.php?pid=60559","1968",854,"36-Lyndon B. Johnson","D","","__State__; __DOJ__; __DOL__; __health__; __education__; __HUD__",FALSE,6,0,0,0.105882495962755
"12069","Executive Schedule","http://www.presidency.ucsb.edu/ws/index.php?pid=31027","1978",107,"39-Jimmy Carter","D","","__DOT__; __science/research__",TRUE,2,1,0.00934579439252336,0.103450297237279
"13041","Further Amendment to Executive Order 13010, as Amended","http://www.presidency.ucsb.edu/ws/index.php?pid=53960","1997",164,"42-William J. Clinton","D","13010","__economy__; __OSTP__",TRUE,2,2,0.0121951219512195,0.102564825759538
"11095","Assigning Emergency Preparedness Functions to: The Board of Directors of the Tennessee Valley Authority; The Railroad Retirement Board; The Administrator of the National Aeronautics and Space Administration; The Federal Power Commission; The Director of the National Science Foundation","http://www.presidency.ucsb.edu/ws/index.php?pid=59034","1963",1850,"35-John F. Kennedy","D","10952","__NASA__; __NSF__; __DOI__; __DOD__; __health__; __education__; __USDA__; __DOC__; __science/research__; __economy__; __DOL__; __technology__; __medical__; __OSTP__; __engineering__; __war__; __math__",TRUE,17,37,0.02,0.102232760932371
"13111","Using Technology To Improve Training Opportunities for Federal Government Employees","http://www.presidency.ucsb.edu/ws/index.php?pid=57256","1999",2325,"42-William J. Clinton","D","11348","__technology__; __education__; __State__; __HHS__; __HUD__; __energy__; __EPA__; __security__; __DOL__; __economy__; __science/research__; __university__; __innovation__; __DOD__; __NIST__; __computing__; __OMB__; __budget__",TRUE,18,57,0.0245161290322581,0.100116449264826
"12894","North Pacific Marine Science Organization","http://www.presidency.ucsb.edu/ws/index.php?pid=50476","1994",148,"42-William J. Clinton","D","","__science/research__",TRUE,1,3,0.0202702702702703,0.100001166660833
"13089","Coral Reef Protection","http://www.presidency.ucsb.edu/ws/index.php?pid=56122","1998",1331,"42-William J. Clinton","D","","__environment__; __health__; __economy__; __education__; __science/research__; __war__; __security__; __DOI__; __DOC__; __NOAA__; __EPA__; __DOJ__; __USDA__; __DOD__; __State__; __DOT__; __NSF__; __NASA__",TRUE,18,19,0.01427498121713,0.100000071428495
"12618","Uniform Treatment of Federally Funded Inventions","http://www.presidency.ucsb.edu/ws/index.php?pid=33850","1987",256,"40-Ronald Reagan","R","12591","__science/research__",TRUE,1,2,0.0078125,0.0963859340945317
"13107","Implementation of Human Rights Treaties","http://www.presidency.ucsb.edu/ws/index.php?pid=55386","1998",1179,"42-William J. Clinton","D","","__security__; __State__; __DOJ__; __DOL__; __DOD__; __education__",FALSE,6,0,0,0.0957944694950265
"12428","President's Commission on Industrial Competitiveness","http://www.presidency.ucsb.edu/ws/index.php?pid=41529","1983",419,"40-Ronald Reagan","R","","__technology__; __DOC__",TRUE,2,4,0.00954653937947494,0.0952385163577786
"10887","Designating the Department of Commerce To Perform Functions With Respect to Participation of the United States in the Century 21 Exposition","http://www.presidency.ucsb.edu/ws/index.php?pid=106552","1960",220,"34-Dwight D. Eisenhower","R","","__DOC__; __State__; __NSF__; __science/research__",TRUE,4,2,0.00909090909090909,0.0923082366805281
"13218","21st Century Workforce Initiative","http://www.presidency.ucsb.edu/ws/index.php?pid=61499","2001",1146,"43-George W. Bush","R","13111; 13174","__DOL__; __education__; __technology__; __science/research__; __economy__",TRUE,5,9,0.00785340314136126,0.0911529364832121
"11411","Amending Executive Order No. 11394, Relating to the President's Commission for the Observance of Human Rights Year 1968","http://www.presidency.ucsb.edu/ws/index.php?pid=106185","1968",105,"36-Lyndon B. Johnson","D","11394","",FALSE,0,0,0,0.0909110192603726
"12898","Federal Actions To Address Environmental Justice in Minority Populations and Low-Income Populations","http://www.presidency.ucsb.edu/ws/index.php?pid=49631","1994",1707,"42-William J. Clinton","D","11001; 11050; 12856; 12250; 12875","__environment__; __health__; __EPA__; __DOD__; __HHS__; __HUD__; __DOL__; __USDA__; __DOT__; __DOJ__; __DOI__; __DOC__; __DOE__; __OMB__; __OSTP__; __economy__; __science/research__",TRUE,17,7,0.00410076157000586,0.0894161592918255
"11514","Protection and Enhancement of Environmental Quality","http://www.presidency.ucsb.edu/ws/index.php?pid=59077","1970",1061,"37-Richard Nixon","R","11472","__environment__; __CEQ__; __science/research__; __foreign__; __State__; __technology__; __budget__; __OSTP__",TRUE,8,7,0.00659754948162111,0.0891893148281381
"13215","Presidents Information Technology Advisory Committee, Further Amendment to Executive Order 13035, as Amended","http://www.presidency.ucsb.edu/ws/index.php?pid=61496","2001",295,"43-George W. Bush","R","13035; 13092; 13113; 13200","__technology__; __computing__; __science/research__",TRUE,3,5,0.0169491525423729,0.0857149795858893
"10096","Providing for a Uniform Patent Policy for the Government with Respect to Inventions Made by Government Employees and for the Administration of Such Policy","http://www.presidency.ucsb.edu/ws/index.php?pid=59346","1950",1692,"33-Harry S. Truman","D","9865; 9912","__science/research__; __technology__; __foreign__; __security__; __health__; __USDA__; __university__; __DOC__; __DOI__; __DOJ__; __State__; __DOD__; __AEC__",TRUE,13,11,0.00650118203309693,0.0830258922127052
"11351","Amending Executive Order No. 11318, Designating the European Space Research Organization as a Public International Organization","http://www.presidency.ucsb.edu/ws/index.php?pid=106089","1967",88,"36-Lyndon B. Johnson","D","11318","__science/research__",TRUE,1,1,0.0113636363636364,0.0800030399635205
"13676","Combating Antibiotic-Resistant Bacteria","http://www.presidency.ucsb.edu/ws/index.php?pid=107546","2014",2276,"44-Barack Obama","D","","__medical__; __health__; __economy__; __HHS__; __science/research__; __technology__; __security__; __OSTP__; __OMB__; __DOD__; __State__; __DOJ__; __VA__; __DHS__; __EPA__; __NSF__; __PCAST__; __USDA__; __budget__; __environment__",TRUE,20,23,0.0101054481546573,0.0797546749971319
"12194","Radiation Policy Council","http://www.presidency.ucsb.edu/ws/index.php?pid=32963","1980",467,"39-Jimmy Carter","D","","__DOD__; __DOJ__; __DOC__; __DOL__; __health__; __education__; __HUD__; __DOT__; __DOE__; __EPA__; __NSF__; __NRC__; __OSTP__; __OMB__; __CEQ__",TRUE,15,4,0.00856531049250535,0.0789477666191887
"12038","Department of Energy","http://www.presidency.ucsb.edu/ws/index.php?pid=30050","1978",1582,"39-Jimmy Carter","D","11647; 11790; 11912; 10485; 11969; 11331; 11177; 10127; 10865; 10899; 11057; 11477; 11752; 11761; 11652; 11902; 11905; 11345; 11371; 11578; 11658; 11659; 10480; 11030; 11490; 12009","__DOE__; __energy__; __science/research__; __DOI__; __AEC__; __NRC__; __security__; __nuclear__; __foreign__; __OMB__",TRUE,10,75,0.0474083438685209,0.0752942289271524
"12545","National Commission on Space","http://www.presidency.ucsb.edu/ws/index.php?pid=37058","1986",108,"40-Ronald Reagan","R","12490","__NASA__",TRUE,1,1,0.00925925925925926,0.0740758572925887
"13642","Making Open and Machine Readable the New Default for Government Information","http://www.presidency.ucsb.edu/ws/index.php?pid=103579","2013",1030,"44-Barack Obama","D","","__economy__; __innovation__; __science/research__; __war__; __health__; __medical__; __education__; __energy__; __security__; __OMB__; __technology__; __OSTP__; __budget__",TRUE,13,11,0.0106796116504854,0.0730479820312659
"13546","Optimizing the Security of Biological Select Agents and Toxins in the United States","http://www.presidency.ucsb.edu/ws/index.php?pid=88148","2010",1648,"44-Barack Obama","D","","__security__; __science/research__; __HHS__; __DOJ__; __health__; __USDA__; __economy__; __State__; __DOD__; __DOC__; __DOT__; __DOL__; __DOE__; __VA__; __DHS__; __EPA__; __OSTP__; __computing__; __OMB__; __budget__",TRUE,20,7,0.00424757281553398,0.0730224263418746
"12869","Continuance of Certain Federal Advisory Committees","http://www.presidency.ucsb.edu/ws/index.php?pid=61562","1993",524,"42-William J. Clinton","D","11145; 12196; 11183; 12367; 12216; 11776; 11287; 12345; 12131; 12382; 12700; 12792; 12813; 12815; 12720; 12783; 12696; 12756; 12687; 12741; 12785; 12675; 12774","__DOI__; __health__; __DOL__; __HHS__; __science/research__; __NSF__; __DOC__; __security__; __DOD__; __technology__; __OSTP__; __education__",TRUE,12,5,0.00954198473282443,0.072993217538051
"11311","Carrying out Provisions of the Beirut Agreement of 1948 Relating to Audio-Visual Materials","http://www.presidency.ucsb.edu/ws/index.php?pid=59164","1966",203,"36-Lyndon B. Johnson","D","","__war__; __education__; __science/research__",TRUE,3,1,0.00492610837438424,0.0714298469296648
"13045","Protection of Children From Environmental Health Risks and Safety Risks","http://www.presidency.ucsb.edu/ws/index.php?pid=54029","1997",1670,"42-William J. Clinton","D","12866; 12606","__environment__; __health__; __science/research__; __DOD__; __economy__; __NSTC__; __CEQ__; __OMB__; __HHS__; __EPA__; __DOEd__; __DOL__; __DOJ__; __DOE__; __HUD__; __USDA__; __DOT__; __OSTP__; __budget__",TRUE,19,18,0.0107784431137725,0.0708783409820142
"13335","Incentives for the Use of Health Information Technology and Establishing the Position of the National Health Information Technology Coordinator","http://www.presidency.ucsb.edu/ws/index.php?pid=61429","2004",946,"43-George W. Bush","R","","__health__; __technology__; __HHS__; __medical__; __science/research__; __economy__; __security__; __computing__; __OMB__; __VA__; __DOD__",TRUE,11,29,0.0306553911205074,0.0683963816080406
"13225","Continuance of Certain Federal Advisory Committees","http://www.presidency.ucsb.edu/ws/index.php?pid=61506","2001",580,"43-George W. Bush","R","11145; 12196; 12900; 13021; 11183; 12367; 12216; 11287; 12994; 12345; 12131; 12382; 12905; 13134; 13080; 13090; 13136; 13168; 13075; 13138","__DOI__; __health__; __DOL__; __education__; __DOEd__; __university__; __science/research__; __NSF__; __HHS__; __DOC__; __security__; __DOD__; __environment__; __energy__; __economy__; __war__",TRUE,16,9,0.0155172413793103,0.0683233903000301
"13511","Continuance of Certain Federal Advisory Committees","http://www.presidency.ucsb.edu/ws/index.php?pid=86712","2009",416,"44-Barack Obama","D","11145; 13231; 12196; 13256; 13270; 11183; 12994; 12367; 12216; 11287; 13265; 13226; 12131; 12382; 12905; 13446","__DOI__; __DHS__; __health__; __DOL__; __university__; __DOEd__; __HHS__; __science/research__; __NSF__; __PCAST__; __OSTP__; __DOC__; __security__; __environment__",TRUE,14,8,0.0192307692307692,0.0677971128960361
"10287","Revoking Executive Order No. 8304 of January 14, 1939 and Abolishing the Federal Real Estate Board","http://www.presidency.ucsb.edu/ws/index.php?pid=78424","1951",47,"33-Harry S. Truman","D","","",FALSE,0,0,0,0.0666711109629679
"13563","Improving Regulation and Regulatory Review","http://www.presidency.ucsb.edu/ws/index.php?pid=88917","2011",1146,"44-Barack Obama","D","12866","__health__; __environment__; __economy__; __innovation__; __science/research__; __computing__; __war__; __technology__; __OMB__; __budget__",TRUE,10,12,0.0104712041884817,0.0663617241540282
"11819","Membership of the Energy Resources Council","http://www.presidency.ucsb.edu/ws/index.php?pid=23903","1974",227,"38-Gerald R. Ford","R","11814","__energy__; __DOI__; __economy__; __State__; __DOTr__; __DOD__; __DOJ__; __DOC__; __DOT__; __AEC__; __OMB__; __science/research__; __EPA__; __CEQ__; __NSF__",TRUE,15,7,0.0308370044052863,0.061539526619026
"10892","Amendment of Executive Order 10152, Prescribing Regulations Relating to Incentive Pay for the Performance of Hazardous Duty by Members of the Uniformed Services","http://www.presidency.ucsb.edu/ws/index.php?pid=106559","1960",217,"34-Dwight D. Eisenhower","R","10152","__science/research__; __nuclear__; __DOD__",TRUE,3,2,0.00921658986175115,0.0609766061831481
"12399","Continuance of Certain Federal Advisory Committees","http://www.presidency.ucsb.edu/ws/index.php?pid=42161","1982",572,"40-Ronald Reagan","R","11145; 11183; 11287; 12345; 11776; 12131; 12395; 12190; 12196; 12216; 12296; 12332; 12367; 12382; 12039; 12168; 12202; 12229; 12303; 12308; 12310; 12323; 12329; 12360; 12137; 12258","__DOI__; __science/research__; __NSF__; __HHS__; __DOC__; __health__; __DOL__; __economy__; __DOTr__; __security__; __DOD__; __engineering__; __technology__; __nuclear__",TRUE,14,6,0.0104895104895105,0.060241384815106
"13260","Establishing the Presidents Homeland Security Advisory Council and Senior Advisory Committees for Homeland Security","http://www.presidency.ucsb.edu/ws/index.php?pid=61356","2002",799,"43-George W. Bush","R","","__security__; __science/research__; __technology__; __PCAST__; __health__",TRUE,5,7,0.00876095118898623,0.0592337153537068
"13689","Enhancing Coordination of National Efforts in the Arctic","http://www.presidency.ucsb.edu/ws/index.php?pid=109268","2015",1508,"44-Barack Obama","D","","__economy__; __energy__; __environment__; __science/research__; __war__; __OSTP__; __CEQ__; __security__; __State__; __HHS__; __EPA__; __NASA__; __NSF__; __OMB__; __budget__",TRUE,15,13,0.00862068965517241,0.0590063023223422
"11986","Executive Schedule","http://www.presidency.ucsb.edu/ws/index.php?pid=7545","1977",186,"39-Jimmy Carter","D","11861","__DOD__; __science/research__; __engineering__",TRUE,3,2,0.010752688172043,0.0588247981396297
"11855","Membership of the Energy Resources Council","http://www.presidency.ucsb.edu/ws/index.php?pid=23927","1975",249,"38-Gerald R. Ford","R","11814","__energy__; __State__; __DOTr__; __DOD__; __DOJ__; __DOI__; __USDA__; __DOC__; __health__; __education__; __HUD__; __DOT__; __OMB__; __economy__; __science/research__; __NRC__; __EPA__; __CEQ__; __NSF__; __security__",TRUE,20,7,0.0281124497991968,0.0579722117150215
"11089","Assigning Emergency Preparedness Functions to the Atomic Energy Commission","http://www.presidency.ucsb.edu/ws/index.php?pid=59028","1963",891,"35-John F. Kennedy","D","","__AEC__; __nuclear__; __energy__; __DOD__; __technology__; __health__; __science/research__; __engineering__; __foreign__; __education__",TRUE,10,34,0.0381593714927048,0.0532689556717136
"12712","Adding the Secretary of Energy to the National Space Council","http://www.presidency.ucsb.edu/ws/index.php?pid=23557","1990",83,"41-George H. W. Bush","R","12675","__DOE__",TRUE,1,3,0.036144578313253,0.0526343488992627
